-- =============================================================================
-- LinkUp demo data — INSERT statements only (manual import; not run by app).
-- =============================================================================
-- Import (example):
--   mysql -h127.0.0.1 -P3307 -ulinkup_user -p linkup < scripts/seed-demo-data.sql
--
-- If FK errors on re-run, truncate child tables first or wrap your session with:
--   SET FOREIGN_KEY_CHECKS = 0;
--   ... your inserts ...
--   SET FOREIGN_KEY_CHECKS = 1;
--
-- Column names follow Spring Boot + Hibernate default (camelCase -> snake_case).
-- If `users` insert fails on the boolean column, run: SHOW CREATE TABLE users;
-- and rename `o_auth2_user` to match your DB (sometimes `oauth2_user` or `o_auth_2_user`).
--
-- Demo password for all rows below that set `password` (BCrypt, Spring Security):
--   Plain text: password
--   Hash verified by Spring Security unit test (BCryptPasswordEncoder.matches).
-- =============================================================================

SET NAMES utf8mb4;

-- enabled=1 required for password login (Spring Security UserDetails.isEnabled).
INSERT INTO users (id, google_id, name, email, password, image, o_auth2_user, enabled, system_admin, created_at, updated_at) VALUES
('10000000-0000-4000-8000-000000000001', NULL, 'Amelia Hart', 'amelia.hart@example.com', '$2a$00$9N8N35BVs5TLqGL3pspAte5OWWA2a2aZIs.EGp7At7txYakFERMue', NULL, 0, 1, 0, '2026-01-05 09:00:00', '2026-01-05 09:00:00'),
('10000000-0000-4000-8000-000000000002', NULL, 'Ben Okonkwo', 'ben.okonkwo@example.com', '$2a$00$9N8N35BVs5TLqGL3pspAte5OWWA2a2aZIs.EGp7At7txYakFERMue', NULL, 0, 1, 0, '2026-01-05 09:05:00', '2026-01-05 09:05:00'),
('10000000-0000-4000-8000-000000000003', NULL, 'Clara Nguyen', 'clara.nguyen@example.com', '$2a$00$9N8N35BVs5TLqGL3pspAte5OWWA2a2aZIs.EGp7At7txYakFERMue', NULL, 0, 1, 0, '2026-01-05 09:10:00', '2026-01-05 09:10:00'),
('10000000-0000-4000-8000-000000000004', NULL, 'Diego Alvarez', 'diego.alvarez@example.com', '$2a$00$9N8N35BVs5TLqGL3pspAte5OWWA2a2aZIs.EGp7At7txYakFERMue', NULL, 0, 1, 0, '2026-01-05 09:15:00', '2026-01-05 09:15:00'),
('10000000-0000-4000-8000-000000000005', NULL, 'Elena Petrov', 'elena.petrov@example.com', '$2a$00$9N8N35BVs5TLqGL3pspAte5OWWA2a2aZIs.EGp7At7txYakFERMue', NULL, 0, 1, 0, '2026-01-05 09:20:00', '2026-01-05 09:20:00'),
('10000000-0000-4000-8000-000000000006', NULL, 'Farah Siddiqui', 'farah.siddiqui@example.com', '$2a$00$9N8N35BVs5TLqGL3pspAte5OWWA2a2aZIs.EGp7At7txYakFERMue', NULL, 0, 1, 0, '2026-01-05 09:25:00', '2026-01-05 09:25:00'),
('10000000-0000-4000-8000-000000000007', NULL, 'Gabriel Martins', 'gabriel.martins@example.com', '$2a$00$9N8N35BVs5TLqGL3pspAte5OWWA2a2aZIs.EGp7At7txYakFERMue', NULL, 0, 1, 0, '2026-01-05 09:30:00', '2026-01-05 09:30:00'),
('10000000-0000-4000-8000-000000000008', NULL, 'Hannah Osei', 'hannah.osei@example.com', NULL, NULL, 1, 1, 0, '2026-01-05 09:35:00', '2026-01-05 09:35:00');

INSERT INTO workspaces (id, name, slug, description, image_url, created_at, updated_at) VALUES
('20000000-0000-4000-8000-000000000001', 'Northwind Business Office', 'northwind-business', 'Corporate operations, vendor management, and enterprise risk initiatives.', NULL, '2026-01-06 10:00:00', '2026-01-06 10:00:00'),
('20000000-0000-4000-8000-000000000002', 'Harbor Engineering Collective', 'harbor-engineering', 'Civil, mechanical, and infrastructure delivery programs for public-sector clients.', NULL, '2026-01-06 10:05:00', '2026-01-06 10:05:00'),
('20000000-0000-4000-8000-000000000003', 'Riverside Clinical Research Unit', 'riverside-clinical', 'IRB-governed studies and hospital integration workstreams (synthetic demo data only).', NULL, '2026-01-06 10:10:00', '2026-01-06 10:10:00'),
('20000000-0000-4000-8000-000000000004', 'Lakeview Academic Consortium', 'lakeview-academic', 'Grant administration, curriculum design, and cross-institution assessment.', NULL, '2026-01-06 10:15:00', '2026-01-06 10:15:00');

INSERT INTO workspace_members (id, role, created_at, user_id, workspace_id) VALUES
('21000000-0000-4000-8000-000000000001', 'OWNER', '2026-01-06 11:00:00', '10000000-0000-4000-8000-000000000001', '20000000-0000-4000-8000-000000000001'),
('21000000-0000-4000-8000-000000000002', 'MEMBER', '2026-01-06 11:01:00', '10000000-0000-4000-8000-000000000002', '20000000-0000-4000-8000-000000000001'),
('21000000-0000-4000-8000-000000000003', 'MEMBER', '2026-01-06 11:02:00', '10000000-0000-4000-8000-000000000003', '20000000-0000-4000-8000-000000000001'),
('21000000-0000-4000-8000-000000000004', 'OWNER', '2026-01-06 11:03:00', '10000000-0000-4000-8000-000000000002', '20000000-0000-4000-8000-000000000002'),
('21000000-0000-4000-8000-000000000005', 'MEMBER', '2026-01-06 11:04:00', '10000000-0000-4000-8000-000000000004', '20000000-0000-4000-8000-000000000002'),
('21000000-0000-4000-8000-000000000006', 'MEMBER', '2026-01-06 11:05:00', '10000000-0000-4000-8000-000000000005', '20000000-0000-4000-8000-000000000002'),
('21000000-0000-4000-8000-000000000007', 'OWNER', '2026-01-06 11:06:00', '10000000-0000-4000-8000-000000000003', '20000000-0000-4000-8000-000000000003'),
('21000000-0000-4000-8000-000000000008', 'MEMBER', '2026-01-06 11:07:00', '10000000-0000-4000-8000-000000000006', '20000000-0000-4000-8000-000000000003'),
('21000000-0000-4000-8000-000000000009', 'MEMBER', '2026-01-06 11:08:00', '10000000-0000-4000-8000-000000000001', '20000000-0000-4000-8000-000000000003'),
('21000000-0000-4000-8000-000000000010', 'OWNER', '2026-01-06 11:09:00', '10000000-0000-4000-8000-000000000004', '20000000-0000-4000-8000-000000000004'),
('21000000-0000-4000-8000-000000000011', 'MEMBER', '2026-01-06 11:10:00', '10000000-0000-4000-8000-000000000007', '20000000-0000-4000-8000-000000000004'),
('21000000-0000-4000-8000-000000000012', 'MEMBER', '2026-01-06 11:11:00', '10000000-0000-4000-8000-000000000008', '20000000-0000-4000-8000-000000000004');

INSERT INTO workspace_invitations (id, workspace_id, invited_user_id, invited_by_id, role, token, expires_at, created_at) VALUES
('22000000-0000-4000-8000-000000000001', '20000000-0000-4000-8000-000000000003', '10000000-0000-4000-8000-000000000008', '10000000-0000-4000-8000-000000000003', 'MEMBER', '00112233445566778899aabbccddeeff00112233445566778899aabbccddeeff', '2026-12-31 23:59:59', '2026-02-01 14:00:00'),
('22000000-0000-4000-8000-000000000002', '20000000-0000-4000-8000-000000000004', '10000000-0000-4000-8000-000000000001', '10000000-0000-4000-8000-000000000004', 'MEMBER', 'fedcba9876543210fedcba9876543210fedcba9876543210fedcba9876543210', '2026-11-30 23:59:59', '2026-02-02 09:30:00');

INSERT INTO projects (id, name, description, project_priority, project_status, start_date, end_date, progress, created_at, updated_at, workspace_id) VALUES
('30000000-0000-4000-8000-000000000001', 'Q3 vendor consolidation', 'Rationalize overlapping SaaS contracts, negotiate enterprise pricing, and migrate offboarding workflows to a single procurement record.', 'HIGH', 'ACTIVE', '2026-01-10 00:00:00', '2026-09-30 23:59:59', 35, '2026-01-08 08:00:00', '2026-03-01 16:00:00', '20000000-0000-4000-8000-000000000001'),
('30000000-0000-4000-8000-000000000002', 'ISO 27001 readiness', 'Gap analysis, control mapping, evidence collection, and internal audit dry runs ahead of registrar assessment.', 'MEDIUM', 'PLANNING', '2026-02-01 00:00:00', '2026-11-15 23:59:59', 12, '2026-01-09 09:00:00', '2026-03-02 10:00:00', '20000000-0000-4000-8000-000000000001'),
('30000000-0000-4000-8000-000000000003', 'Client billing harmonization', 'Align time-entry, rate cards, and invoice templates across three regional billing centers.', 'LOW', 'ON_HOLD', '2026-03-01 00:00:00', '2026-08-01 23:59:59', 5, '2026-01-10 11:00:00', '2026-03-03 12:00:00', '20000000-0000-4000-8000-000000000001'),
('30000000-0000-4000-8000-000000000004', 'HVAC retrofit – City Hall', 'Design-build scope for chiller replacement, controls integration, and commissioning in an occupied civic facility.', 'HIGH', 'ACTIVE', '2026-01-15 00:00:00', '2026-10-20 23:59:59', 48, '2026-01-11 07:30:00', '2026-03-04 14:20:00', '20000000-0000-4000-8000-000000000002'),
('30000000-0000-4000-8000-000000000005', 'Bridge inspection digitization', 'Deploy LiDAR-based deck surveys, structured defect coding, and DOT-compliant reporting pipeline.', 'MEDIUM', 'ACTIVE', '2026-02-10 00:00:00', '2027-01-31 23:59:59', 22, '2026-01-12 08:15:00', '2026-03-05 09:45:00', '20000000-0000-4000-8000-000000000002'),
('30000000-0000-4000-8000-000000000006', 'Water treatment SCADA upgrade', 'Cyber-harden OT network segmentation, historian migration, and operator HMI refresh with zero unplanned outage.', 'HIGH', 'PLANNING', '2026-04-01 00:00:00', '2027-06-30 23:59:59', 8, '2026-01-13 13:00:00', '2026-03-06 11:10:00', '20000000-0000-4000-8000-000000000002'),
('30000000-0000-4000-8000-000000000007', 'IRB amendment – cohort B', 'Protocol amendment for expanded inclusion criteria, revised consent language, and safety monitoring plan.', 'HIGH', 'ACTIVE', '2026-01-20 00:00:00', '2026-07-01 23:59:59', 40, '2026-01-14 10:00:00', '2026-03-07 15:00:00', '20000000-0000-4000-8000-000000000003'),
('30000000-0000-4000-8000-000000000008', 'EHR integration pilot (synthetic)', 'FHIR-based medication reconciliation pilot with staged rollout; all patient references are fictional.', 'MEDIUM', 'PLANNING', '2026-03-01 00:00:00', '2026-12-01 23:59:59', 15, '2026-01-15 09:30:00', '2026-03-08 08:30:00', '20000000-0000-4000-8000-000000000003'),
('30000000-0000-4000-8000-000000000009', 'NSF grant reporting – Year 2', 'Annual project report, broader impacts metrics, and subaward financial reconciliation for collaborative research.', 'MEDIUM', 'ACTIVE', '2026-01-05 00:00:00', '2026-06-30 23:59:59', 55, '2026-01-07 08:00:00', '2026-03-09 17:00:00', '20000000-0000-4000-8000-000000000004'),
('30000000-0000-4000-8000-000000000010', 'Curriculum redesign – data literacy', 'Undergraduate pathway refresh: prerequisites, lab modules, and faculty development for applied statistics.', 'LOW', 'ACTIVE', '2026-02-15 00:00:00', '2026-09-01 23:59:59', 30, '2026-01-16 12:00:00', '2026-03-10 10:00:00', '20000000-0000-4000-8000-000000000004'),
('30000000-0000-4000-8000-000000000011', 'Industry advisory board launch', 'Recruit external advisors, align charter with accreditation expectations, and schedule inaugural quarterly session.', 'LOW', 'PLANNING', '2026-04-01 00:00:00', '2026-12-15 23:59:59', 10, '2026-01-17 14:00:00', '2026-03-11 13:00:00', '20000000-0000-4000-8000-000000000004');

INSERT INTO project_members (id, role, created_at, project_id, user_id) VALUES
('31000000-0000-4000-8000-000000000001', 'LEADER', '2026-01-08 08:05:00', '30000000-0000-4000-8000-000000000001', '10000000-0000-4000-8000-000000000001'),
('31000000-0000-4000-8000-000000000002', 'VIEWER', '2026-01-08 08:06:00', '30000000-0000-4000-8000-000000000001', '10000000-0000-4000-8000-000000000002'),
('31000000-0000-4000-8000-000000000003', 'VIEWER', '2026-01-08 08:07:00', '30000000-0000-4000-8000-000000000001', '10000000-0000-4000-8000-000000000003'),
('31000000-0000-4000-8000-000000000004', 'LEADER', '2026-01-09 09:05:00', '30000000-0000-4000-8000-000000000002', '10000000-0000-4000-8000-000000000001'),
('31000000-0000-4000-8000-000000000005', 'VIEWER', '2026-01-09 09:06:00', '30000000-0000-4000-8000-000000000002', '10000000-0000-4000-8000-000000000002'),
('31000000-0000-4000-8000-000000000006', 'LEADER', '2026-01-10 11:05:00', '30000000-0000-4000-8000-000000000003', '10000000-0000-4000-8000-000000000001'),
('31000000-0000-4000-8000-000000000007', 'VIEWER', '2026-01-10 11:06:00', '30000000-0000-4000-8000-000000000003', '10000000-0000-4000-8000-000000000003'),
('31000000-0000-4000-8000-000000000008', 'LEADER', '2026-01-11 07:35:00', '30000000-0000-4000-8000-000000000004', '10000000-0000-4000-8000-000000000002'),
('31000000-0000-4000-8000-000000000009', 'VIEWER', '2026-01-11 07:36:00', '30000000-0000-4000-8000-000000000004', '10000000-0000-4000-8000-000000000004'),
('31000000-0000-4000-8000-000000000010', 'VIEWER', '2026-01-11 07:37:00', '30000000-0000-4000-8000-000000000004', '10000000-0000-4000-8000-000000000005'),
('31000000-0000-4000-8000-000000000011', 'LEADER', '2026-01-12 08:20:00', '30000000-0000-4000-8000-000000000005', '10000000-0000-4000-8000-000000000002'),
('31000000-0000-4000-8000-000000000012', 'VIEWER', '2026-01-12 08:21:00', '30000000-0000-4000-8000-000000000005', '10000000-0000-4000-8000-000000000005'),
('31000000-0000-4000-8000-000000000013', 'LEADER', '2026-01-13 13:05:00', '30000000-0000-4000-8000-000000000006', '10000000-0000-4000-8000-000000000004'),
('31000000-0000-4000-8000-000000000014', 'VIEWER', '2026-01-13 13:06:00', '30000000-0000-4000-8000-000000000006', '10000000-0000-4000-8000-000000000005'),
('31000000-0000-4000-8000-000000000015', 'LEADER', '2026-01-14 10:05:00', '30000000-0000-4000-8000-000000000007', '10000000-0000-4000-8000-000000000003'),
('31000000-0000-4000-8000-000000000016', 'VIEWER', '2026-01-14 10:06:00', '30000000-0000-4000-8000-000000000007', '10000000-0000-4000-8000-000000000006'),
('31000000-0000-4000-8000-000000000017', 'VIEWER', '2026-01-14 10:07:00', '30000000-0000-4000-8000-000000000007', '10000000-0000-4000-8000-000000000001'),
('31000000-0000-4000-8000-000000000018', 'LEADER', '2026-01-15 09:35:00', '30000000-0000-4000-8000-000000000008', '10000000-0000-4000-8000-000000000003'),
('31000000-0000-4000-8000-000000000019', 'VIEWER', '2026-01-15 09:36:00', '30000000-0000-4000-8000-000000000008', '10000000-0000-4000-8000-000000000006'),
('31000000-0000-4000-8000-000000000020', 'LEADER', '2026-01-07 08:05:00', '30000000-0000-4000-8000-000000000009', '10000000-0000-4000-8000-000000000004'),
('31000000-0000-4000-8000-000000000021', 'VIEWER', '2026-01-07 08:06:00', '30000000-0000-4000-8000-000000000009', '10000000-0000-4000-8000-000000000007'),
('31000000-0000-4000-8000-000000000022', 'VIEWER', '2026-01-07 08:07:00', '30000000-0000-4000-8000-000000000009', '10000000-0000-4000-8000-000000000008'),
('31000000-0000-4000-8000-000000000023', 'LEADER', '2026-01-16 12:05:00', '30000000-0000-4000-8000-000000000010', '10000000-0000-4000-8000-000000000004'),
('31000000-0000-4000-8000-000000000024', 'VIEWER', '2026-01-16 12:06:00', '30000000-0000-4000-8000-000000000010', '10000000-0000-4000-8000-000000000007'),
('31000000-0000-4000-8000-000000000025', 'LEADER', '2026-01-17 14:05:00', '30000000-0000-4000-8000-000000000011', '10000000-0000-4000-8000-000000000004'),
('31000000-0000-4000-8000-000000000026', 'VIEWER', '2026-01-17 14:06:00', '30000000-0000-4000-8000-000000000011', '10000000-0000-4000-8000-000000000008');

INSERT INTO tasks (id, title, description, task_status, task_priority, task_type, due_time, created_at, updated_at, project_id, assignee_id) VALUES
('40000000-0000-4000-8000-000000000001', 'Finalize RFP evaluation matrix', 'Weighting criteria for security, SLA, and exit clauses; circulate to steering committee.', 'IN_PROGRESS', 'HIGH', 'TASK', '2026-04-15 17:00:00', '2026-01-20 09:00:00', '2026-03-12 11:00:00', '30000000-0000-4000-8000-000000000001', '10000000-0000-4000-8000-000000000002'),
('40000000-0000-4000-8000-000000000002', 'Negotiate master services agreement', 'Legal redlines with top-two vendors; target countersignature before fiscal close.', 'TODO', 'HIGH', 'FEATURE', '2026-05-01 12:00:00', '2026-01-21 10:00:00', '2026-03-12 11:05:00', '30000000-0000-4000-8000-000000000001', '10000000-0000-4000-8000-000000000001'),
('40000000-0000-4000-8000-000000000003', 'Migrate offboarding checklist to ServiceNow', 'Map 14 legacy steps; validate with HRBP pilot group.', 'DONE', 'MEDIUM', 'IMPROVEMENT', '2026-03-01 09:00:00', '2026-01-22 08:30:00', '2026-03-01 16:00:00', '30000000-0000-4000-8000-000000000001', '10000000-0000-4000-8000-000000000003'),
('40000000-0000-4000-8000-000000000004', 'Control A.8 inventory gap list', 'Document missing asset owners for cloud subs and contractor laptops.', 'IN_PROGRESS', 'MEDIUM', 'BUG', '2026-06-10 18:00:00', '2026-01-25 14:00:00', '2026-03-13 09:00:00', '30000000-0000-4000-8000-000000000002', '10000000-0000-4000-8000-000000000002'),
('40000000-0000-4000-8000-000000000005', 'Schedule internal audit dry run', 'Coordinate internal audit team and document remediation owners.', 'TODO', 'LOW', 'TASK', '2026-07-01 10:00:00', '2026-01-26 11:00:00', '2026-03-13 09:10:00', '30000000-0000-4000-8000-000000000002', '10000000-0000-4000-8000-000000000001'),
('40000000-0000-4000-8000-000000000006', 'Freeze rate card exceptions', 'Hold ad-hoc discounts until harmonization sign-off from finance.', 'TODO', 'MEDIUM', 'OTHER', '2026-08-15 16:00:00', '2026-02-01 09:00:00', '2026-03-14 10:00:00', '30000000-0000-4000-8000-000000000003', '10000000-0000-4000-8000-000000000003'),
('40000000-0000-4000-8000-000000000007', 'Chiller submittal review (PE stamp)', 'Structural loads on roof dunnage; return comments to manufacturer within 10 days.', 'IN_PROGRESS', 'HIGH', 'TASK', '2026-05-20 14:00:00', '2026-02-05 07:00:00', '2026-03-15 08:00:00', '30000000-0000-4000-8000-000000000004', '10000000-0000-4000-8000-000000000004'),
('40000000-0000-4000-8000-000000000008', 'Commissioning script v3 peer review', 'MEP lead and controls vendor sign-off on point-to-point test matrix.', 'TODO', 'MEDIUM', 'FEATURE', '2026-06-01 11:00:00', '2026-02-06 07:15:00', '2026-03-15 08:15:00', '30000000-0000-4000-8000-000000000004', '10000000-0000-4000-8000-000000000005'),
('40000000-0000-4000-8000-000000000009', 'DOT defect taxonomy workshop', 'Align coding with agency bridge manual; capture training recording.', 'DONE', 'HIGH', 'IMPROVEMENT', '2026-04-01 15:00:00', '2026-02-10 13:00:00', '2026-03-20 10:00:00', '30000000-0000-4000-8000-000000000005', '10000000-0000-4000-8000-000000000005'),
('40000000-0000-4000-8000-000000000010', 'LiDAR noise filter regression', 'False positives on wet deck surfaces; tune classifier thresholds.', 'IN_PROGRESS', 'HIGH', 'BUG', '2026-05-10 09:00:00', '2026-02-11 13:10:00', '2026-03-20 10:20:00', '30000000-0000-4000-8000-000000000005', '10000000-0000-4000-8000-000000000004'),
('40000000-0000-4000-8000-000000000011', 'OT segmentation design review', 'CIS-style zones for PLC vs HMI; third-party OT security consultant comments.', 'TODO', 'HIGH', 'TASK', '2026-07-15 16:00:00', '2026-02-12 09:00:00', '2026-03-21 12:00:00', '30000000-0000-4000-8000-000000000006', '10000000-0000-4000-8000-000000000004'),
('40000000-0000-4000-8000-000000000012', 'Amendment cover letter to IRB', 'Summarize risk mitigation and consent changes; legal counsel review.', 'IN_PROGRESS', 'HIGH', 'TASK', '2026-05-01 12:00:00', '2026-02-14 10:00:00', '2026-03-22 14:00:00', '30000000-0000-4000-8000-000000000007', '10000000-0000-4000-8000-000000000006'),
('40000000-0000-4000-8000-000000000013', 'DSMB charter alignment', 'Ensure meeting cadence matches protocol v3.1 safety triggers.', 'TODO', 'MEDIUM', 'OTHER', '2026-06-15 17:00:00', '2026-02-15 10:30:00', '2026-03-22 14:30:00', '30000000-0000-4000-8000-000000000007', '10000000-0000-4000-8000-000000000003'),
('40000000-0000-4000-8000-000000000014', 'FHIR MedicationStatement mapping spec', 'Document field mapping from legacy CCDA; no live PHI in attachments.', 'TODO', 'MEDIUM', 'FEATURE', '2026-08-01 09:00:00', '2026-02-18 09:00:00', '2026-03-23 08:00:00', '30000000-0000-4000-8000-000000000008', '10000000-0000-4000-8000-000000000003'),
('40000000-0000-4000-8000-000000000015', 'Pilot site readiness checklist', 'Network ports, SSO, and training roster for Ward 3 (fictional).', 'IN_PROGRESS', 'LOW', 'TASK', '2026-09-01 10:00:00', '2026-02-19 09:15:00', '2026-03-23 08:20:00', '30000000-0000-4000-8000-000000000008', '10000000-0000-4000-8000-000000000006'),
('40000000-0000-4000-8000-000000000016', 'Broader impacts survey instrument', 'Finalize Likert scales and IRB-approved recruitment script.', 'DONE', 'MEDIUM', 'IMPROVEMENT', '2026-04-30 12:00:00', '2026-01-18 08:00:00', '2026-02-28 17:00:00', '30000000-0000-4000-8000-000000000009', '10000000-0000-4000-8000-000000000007'),
('40000000-0000-4000-8000-000000000017', 'Subaward invoice reconciliation Q1', 'Match subrecipient drawdowns to effort reporting.', 'IN_PROGRESS', 'HIGH', 'TASK', '2026-05-15 16:00:00', '2026-02-01 09:00:00', '2026-03-24 09:00:00', '30000000-0000-4000-8000-000000000009', '10000000-0000-4000-8000-000000000004'),
('40000000-0000-4000-8000-000000000018', 'Faculty development workshop kit', 'Slides, Jupyter notebooks, and rubric for TAs.', 'TODO', 'LOW', 'FEATURE', '2026-07-20 14:00:00', '2026-02-20 11:00:00', '2026-03-25 10:00:00', '30000000-0000-4000-8000-000000000010', '10000000-0000-4000-8000-000000000007'),
('40000000-0000-4000-8000-000000000019', 'Prerequisite course proposal (Senate)', 'Submit to curriculum committee portal; attach labor-market brief.', 'TODO', 'MEDIUM', 'TASK', '2026-08-10 09:00:00', '2026-02-21 11:10:00', '2026-03-25 10:10:00', '30000000-0000-4000-8000-000000000010', '10000000-0000-4000-8000-000000000004'),
('40000000-0000-4000-8000-000000000020', 'Advisory charter – legal review', 'Conflicts policy and IP expectations for external members.', 'IN_PROGRESS', 'MEDIUM', 'TASK', '2026-06-01 12:00:00', '2026-02-22 14:00:00', '2026-03-26 13:00:00', '30000000-0000-4000-8000-000000000011', '10000000-0000-4000-8000-000000000008'),
('40000000-0000-4000-8000-000000000021', 'Recruitment CRM mail-merge QA', 'Test tokens for pronouns and institution; fix encoding bug in footer.', 'TODO', 'LOW', 'BUG', '2026-06-15 10:00:00', '2026-02-23 14:10:00', '2026-03-26 13:15:00', '30000000-0000-4000-8000-000000000011', '10000000-0000-4000-8000-000000000007');

INSERT INTO comments (id, content, created_at, user_id, task_id) VALUES
('50000000-0000-4000-8000-000000000001', 'Steering committee approved the weighting v2. I will lock the matrix in the shared drive.', '2026-03-12 11:30:00', '10000000-0000-4000-8000-000000000001', '40000000-0000-4000-8000-000000000001'),
('50000000-0000-4000-8000-000000000002', 'Vendor B confirmed they can match payment terms if we extend term to 36 months.', '2026-03-12 15:00:00', '10000000-0000-4000-8000-000000000002', '40000000-0000-4000-8000-000000000001'),
('50000000-0000-4000-8000-000000000003', 'HRBP pilot signed off; closing this task and opening a follow-up for production cutover.', '2026-03-01 16:30:00', '10000000-0000-4000-8000-000000000003', '40000000-0000-4000-8000-000000000003'),
('50000000-0000-4000-8000-000000000004', 'Gap list exported to CSV tab “A.8-assets”; 37 rows still missing owner.', '2026-03-13 10:00:00', '10000000-0000-4000-8000-000000000002', '40000000-0000-4000-8000-000000000004'),
('50000000-0000-4000-8000-000000000005', 'Dry run moved to July 8–9 to avoid registrar blackout window.', '2026-03-13 09:45:00', '10000000-0000-4000-8000-000000000001', '40000000-0000-4000-8000-000000000005'),
('50000000-0000-4000-8000-000000000006', 'Wet surface false positives reproduced on span 12; attaching ROC curve (synthetic).', '2026-03-20 11:00:00', '10000000-0000-4000-8000-000000000004', '40000000-0000-4000-8000-000000000010'),
('50000000-0000-4000-8000-000000000007', 'DSMB charter v0.9 matches protocol safety triggers; one wording tweak in section 4.2.', '2026-03-22 15:00:00', '10000000-0000-4000-8000-000000000003', '40000000-0000-4000-8000-000000000013'),
('50000000-0000-4000-8000-000000000008', 'Survey instrument approved for distribution pending final PDF stamp.', '2026-02-28 17:30:00', '10000000-0000-4000-8000-000000000004', '40000000-0000-4000-8000-000000000016'),
('50000000-0000-4000-8000-000000000009', 'Advisory charter redlines from counsel are in the “Legal” folder—need conflict waiver language.', '2026-03-26 14:00:00', '10000000-0000-4000-8000-000000000004', '40000000-0000-4000-8000-000000000020');
